	chrom	start	end	bead_id	forward	backward
0	chr21	34450000	34480000	0	0	0
1	chr21	34450000	34480000	1	0	0
2	chr21	34450000	34480000	2	0	0
3	chr21	34450000	34480000	3	0	0
4	chr21	34450000	34480000	4	0	0
5	chr21	34450000	34480000	5	0	0
6	chr21	34450000	34480000	6	0	0
7	chr21	34450000	34480000	7	0	0
8	chr21	34450000	34480000	8	0	0
9	chr21	34450000	34480000	9	0	0
10	chr21	34480000	34510000	10	0	0
11	chr21	34480000	34510000	11	0	0
12	chr21	34480000	34510000	12	0	0
13	chr21	34480000	34510000	13	0	0
14	chr21	34480000	34510000	14	0	0
15	chr21	34480000	34510000	15	0	0
16	chr21	34480000	34510000	16	0	0
17	chr21	34480000	34510000	17	0	0
18	chr21	34480000	34510000	18	0	0
19	chr21	34480000	34510000	19	0	0
20	chr21	34510000	34540000	20	0	0
21	chr21	34510000	34540000	21	0	0
22	chr21	34510000	34540000	22	0	0
23	chr21	34510000	34540000	23	0	0
24	chr21	34510000	34540000	24	0	0
25	chr21	34510000	34540000	25	0	0
26	chr21	34510000	34540000	26	0	0
27	chr21	34510000	34540000	27	0	0
28	chr21	34510000	34540000	28	0	0
29	chr21	34510000	34540000	29	0	0
30	chr21	34540000	34570000	30	0	0
31	chr21	34540000	34570000	31	0	0
32	chr21	34540000	34570000	32	0	0
33	chr21	34540000	34570000	33	0	0
34	chr21	34540000	34570000	34	0	0
35	chr21	34540000	34570000	35	0	0
36	chr21	34540000	34570000	36	0	0
37	chr21	34540000	34570000	37	0	0
38	chr21	34540000	34570000	38	0	0
39	chr21	34540000	34570000	39	0	0
40	chr21	34570000	34600000	40	0	0
41	chr21	34570000	34600000	41	0	0
42	chr21	34570000	34600000	42	0	0
43	chr21	34570000	34600000	43	0	0
44	chr21	34570000	34600000	44	0	0
45	chr21	34570000	34600000	45	0	0
46	chr21	34570000	34600000	46	0	0
47	chr21	34570000	34600000	47	0	0
48	chr21	34570000	34600000	48	0	0
49	chr21	34570000	34600000	49	0	0
50	chr21	34600000	34630000	50	0	0
51	chr21	34600000	34630000	51	0	0
52	chr21	34600000	34630000	52	0	0
53	chr21	34600000	34630000	53	0	0
54	chr21	34600000	34630000	54	0	0
55	chr21	34600000	34630000	55	0	0
56	chr21	34600000	34630000	56	0	0
57	chr21	34600000	34630000	57	0	0
58	chr21	34600000	34630000	58	0	0
59	chr21	34600000	34630000	59	0	0
60	chr21	34630000	34660000	60	0	0
61	chr21	34630000	34660000	61	0	0
62	chr21	34630000	34660000	62	0	0
63	chr21	34630000	34660000	63	0	0
64	chr21	34630000	34660000	64	0	0
65	chr21	34630000	34660000	65	0	0
66	chr21	34630000	34660000	66	0	0
67	chr21	34630000	34660000	67	0	0
68	chr21	34630000	34660000	68	0	0
69	chr21	34630000	34660000	69	0	0
70	chr21	34660000	34690000	70	0	0
71	chr21	34660000	34690000	71	0	0
72	chr21	34660000	34690000	72	0	0
73	chr21	34660000	34690000	73	0	0
74	chr21	34660000	34690000	74	0	0
75	chr21	34660000	34690000	75	0	0
76	chr21	34660000	34690000	76	0	0
77	chr21	34660000	34690000	77	0	0
78	chr21	34660000	34690000	78	0	0
79	chr21	34660000	34690000	79	0	0
80	chr21	34690000	34720000	80	0	0
81	chr21	34690000	34720000	81	0	0
82	chr21	34690000	34720000	82	0	0
83	chr21	34690000	34720000	83	0	0
84	chr21	34690000	34720000	84	0	0
85	chr21	34690000	34720000	85	0	0
86	chr21	34690000	34720000	86	0	0
87	chr21	34690000	34720000	87	0	0
88	chr21	34690000	34720000	88	0	0
89	chr21	34690000	34720000	89	0	0
90	chr21	34720000	34750000	90	0	0
91	chr21	34720000	34750000	91	0	0
92	chr21	34720000	34750000	92	0	0
93	chr21	34720000	34750000	93	0	0
94	chr21	34720000	34750000	94	1	0
95	chr21	34720000	34750000	95	0	0
96	chr21	34720000	34750000	96	0	0
97	chr21	34720000	34750000	97	0	0
98	chr21	34720000	34750000	98	0	0
99	chr21	34720000	34750000	99	0	0
100	chr21	34750000	34780000	100	0	0
101	chr21	34750000	34780000	101	0	0
102	chr21	34750000	34780000	102	0	0
103	chr21	34750000	34780000	103	0	0
104	chr21	34750000	34780000	104	0	0
105	chr21	34750000	34780000	105	0	0
106	chr21	34750000	34780000	106	0	0
107	chr21	34750000	34780000	107	0	0
108	chr21	34750000	34780000	108	0	0
109	chr21	34750000	34780000	109	0	0
110	chr21	34780000	34810000	110	0	0
111	chr21	34780000	34810000	111	0	0
112	chr21	34780000	34810000	112	0	0
113	chr21	34780000	34810000	113	0	0
114	chr21	34780000	34810000	114	0	0
115	chr21	34780000	34810000	115	0	0
116	chr21	34780000	34810000	116	0	0
117	chr21	34780000	34810000	117	0	0
118	chr21	34780000	34810000	118	0	0
119	chr21	34780000	34810000	119	0	0
120	chr21	34810000	34840000	120	0	0
121	chr21	34810000	34840000	121	0	0
122	chr21	34810000	34840000	122	0	0
123	chr21	34810000	34840000	123	0	0
124	chr21	34810000	34840000	124	0	0
125	chr21	34810000	34840000	125	0	0
126	chr21	34810000	34840000	126	0	0
127	chr21	34810000	34840000	127	0	0
128	chr21	34810000	34840000	128	0	0
129	chr21	34810000	34840000	129	0	0
130	chr21	34840000	34870000	130	0	0
131	chr21	34840000	34870000	131	0	0
132	chr21	34840000	34870000	132	0	0
133	chr21	34840000	34870000	133	0	0
134	chr21	34840000	34870000	134	0	0
135	chr21	34840000	34870000	135	0	0
136	chr21	34840000	34870000	136	0	0
137	chr21	34840000	34870000	137	0	0
138	chr21	34840000	34870000	138	0	0
139	chr21	34840000	34870000	139	0	0
140	chr21	34870000	34900000	140	0	0
141	chr21	34870000	34900000	141	0	0
142	chr21	34870000	34900000	142	0	0
143	chr21	34870000	34900000	143	0	0.60
144	chr21	34870000	34900000	144	0	0
145	chr21	34870000	34900000	145	0	0
146	chr21	34870000	34900000	146	0	0
147	chr21	34870000	34900000	147	0.3	0
148	chr21	34870000	34900000	148	0	0
149	chr21	34870000	34900000	149	0	0
150	chr21	34900000	34930000	150	0	0
151	chr21	34900000	34930000	151	0	0
152	chr21	34900000	34930000	152	0	0
153	chr21	34900000	34930000	153	0	0
154	chr21	34900000	34930000	154	0	0
155	chr21	34900000	34930000	155	0	0
156	chr21	34900000	34930000	156	0	0
157	chr21	34900000	34930000	157	0	0
158	chr21	34900000	34930000	158	0	0
159	chr21	34900000	34930000	159	0	0
160	chr21	34930000	34960000	160	0	0
161	chr21	34930000	34960000	161	0	0
162	chr21	34930000	34960000	162	0	0
163	chr21	34930000	34960000	163	0	0
164	chr21	34930000	34960000	164	0	0
165	chr21	34930000	34960000	165	0	0
166	chr21	34930000	34960000	166	0	0
167	chr21	34930000	34960000	167	0	0
168	chr21	34930000	34960000	168	0	0
169	chr21	34930000	34960000	169	0	0
170	chr21	34960000	34990000	170	0	0
171	chr21	34960000	34990000	171	0	0
172	chr21	34960000	34990000	172	0	0
173	chr21	34960000	34990000	173	0	0
174	chr21	34960000	34990000	174	0	0
175	chr21	34960000	34990000	175	0	0
176	chr21	34960000	34990000	176	0	0
177	chr21	34960000	34990000	177	0	0
178	chr21	34960000	34990000	178	0	0
179	chr21	34960000	34990000	179	0	0
180	chr21	34990000	35020000	180	0	0
181	chr21	34990000	35020000	181	0	0
182	chr21	34990000	35020000	182	0	0
183	chr21	34990000	35020000	183	0	0
184	chr21	34990000	35020000	184	0	0.40
185	chr21	34990000	35020000	185	0	0
186	chr21	34990000	35020000	186	0	0
187	chr21	34990000	35020000	187	0	0
188	chr21	34990000	35020000	188	0	0
189	chr21	34990000	35020000	189	0	0
190	chr21	35020000	35050000	190	0	0
191	chr21	35020000	35050000	191	0	0
192	chr21	35020000	35050000	192	0	0
193	chr21	35020000	35050000	193	0	0
194	chr21	35020000	35050000	194	0	0
195	chr21	35020000	35050000	195	0	0
196	chr21	35020000	35050000	196	0	0
197	chr21	35020000	35050000	197	0	0
198	chr21	35020000	35050000	198	0	0
199	chr21	35020000	35050000	199	0	0
200	chr21	35050000	35080000	200	0	0
201	chr21	35050000	35080000	201	0	0
202	chr21	35050000	35080000	202	0	0
203	chr21	35050000	35080000	203	0	0
204	chr21	35050000	35080000	204	0.20	0
205	chr21	35050000	35080000	205	0	0
206	chr21	35050000	35080000	206	0	0
207	chr21	35050000	35080000	207	0	0
208	chr21	35050000	35080000	208	0	0
209	chr21	35050000	35080000	209	0	0
210	chr21	35080000	35110000	210	0	0
211	chr21	35080000	35110000	211	0	0
212	chr21	35080000	35110000	212	0	0
213	chr21	35080000	35110000	213	0	0
214	chr21	35080000	35110000	214	0	0
215	chr21	35080000	35110000	215	0	0
216	chr21	35080000	35110000	216	0	0
217	chr21	35080000	35110000	217	0	0
218	chr21	35080000	35110000	218	0	0
219	chr21	35080000	35110000	219	0	0
220	chr21	35110000	35140000	220	0	0
221	chr21	35110000	35140000	221	0	0
222	chr21	35110000	35140000	222	0	0
223	chr21	35110000	35140000	223	0	0
224	chr21	35110000	35140000	224	0	0
225	chr21	35110000	35140000	225	0	0
226	chr21	35110000	35140000	226	0	0
227	chr21	35110000	35140000	227	0	0
228	chr21	35110000	35140000	228	0	0
229	chr21	35110000	35140000	229	0	0
230	chr21	35140000	35170000	230	0	0
231	chr21	35140000	35170000	231	0	0
232	chr21	35140000	35170000	232	0	0
233	chr21	35140000	35170000	233	0	0
234	chr21	35140000	35170000	234	0	0
235	chr21	35140000	35170000	235	0	0
236	chr21	35140000	35170000	236	0	0
237	chr21	35140000	35170000	237	0	0
238	chr21	35140000	35170000	238	0	0
239	chr21	35140000	35170000	239	0	0
240	chr21	35170000	35200000	240	0	0
241	chr21	35170000	35200000	241	0	0
242	chr21	35170000	35200000	242	0	0
243	chr21	35170000	35200000	243	0	0
244	chr21	35170000	35200000	244	0	0
245	chr21	35170000	35200000	245	0	0
246	chr21	35170000	35200000	246	0	0
247	chr21	35170000	35200000	247	0	0
248	chr21	35170000	35200000	248	0	0
249	chr21	35170000	35200000	249	0	0
250	chr21	35200000	35230000	250	0	0
251	chr21	35200000	35230000	251	0	0
252	chr21	35200000	35230000	252	0	0
253	chr21	35200000	35230000	253	0	0
254	chr21	35200000	35230000	254	0	0
255	chr21	35200000	35230000	255	0	0
256	chr21	35200000	35230000	256	0	0
257	chr21	35200000	35230000	257	0	0
258	chr21	35200000	35230000	258	0	0
259	chr21	35200000	35230000	259	0	0
260	chr21	35230000	35260000	260	0	0
261	chr21	35230000	35260000	261	0	0
262	chr21	35230000	35260000	262	0	0
263	chr21	35230000	35260000	263	0	0
264	chr21	35230000	35260000	264	0	0
265	chr21	35230000	35260000	265	0	0
266	chr21	35230000	35260000	266	0	0
267	chr21	35230000	35260000	267	0	0
268	chr21	35230000	35260000	268	0	0
269	chr21	35230000	35260000	269	0	0
270	chr21	35260000	35290000	270	0	0
271	chr21	35260000	35290000	271	0	0
272	chr21	35260000	35290000	272	0	0
273	chr21	35260000	35290000	273	0	0
274	chr21	35260000	35290000	274	0	0
275	chr21	35260000	35290000	275	0	0
276	chr21	35260000	35290000	276	0	0
277	chr21	35260000	35290000	277	0	0
278	chr21	35260000	35290000	278	0	0
279	chr21	35260000	35290000	279	0	0
280	chr21	35290000	35320000	280	0	0
281	chr21	35290000	35320000	281	0	0
282	chr21	35290000	35320000	282	0	0
283	chr21	35290000	35320000	283	0	0
284	chr21	35290000	35320000	284	0	0
285	chr21	35290000	35320000	285	0	0
286	chr21	35290000	35320000	286	0	0
287	chr21	35290000	35320000	287	0	0
288	chr21	35290000	35320000	288	0	0
289	chr21	35290000	35320000	289	0	0
290	chr21	35320000	35350000	290	0	0
291	chr21	35320000	35350000	291	0	0
292	chr21	35320000	35350000	292	0	0
293	chr21	35320000	35350000	293	0	0
294	chr21	35320000	35350000	294	0	0
295	chr21	35320000	35350000	295	0	0
296	chr21	35320000	35350000	296	0	0
297	chr21	35320000	35350000	297	0	0
298	chr21	35320000	35350000	298	0	0
299	chr21	35320000	35350000	299	0	0
300	chr21	35350000	35380000	300	0	0
301	chr21	35350000	35380000	301	0	0
302	chr21	35350000	35380000	302	0	0
303	chr21	35350000	35380000	303	0	0
304	chr21	35350000	35380000	304	0	0
305	chr21	35350000	35380000	305	0	0
306	chr21	35350000	35380000	306	0	0
307	chr21	35350000	35380000	307	0	0
308	chr21	35350000	35380000	308	0	0
309	chr21	35350000	35380000	309	0	0
310	chr21	35380000	35410000	310	0	0
311	chr21	35380000	35410000	311	0	0
312	chr21	35380000	35410000	312	0	0
313	chr21	35380000	35410000	313	0	0
314	chr21	35380000	35410000	314	0	0
315	chr21	35380000	35410000	315	0	0.6
316	chr21	35380000	35410000	316	0	0
317	chr21	35380000	35410000	317	0	0
318	chr21	35380000	35410000	318	0	0
319	chr21	35380000	35410000	319	0	0
320	chr21	35410000	35440000	320	0	0
321	chr21	35410000	35440000	321	0	0
322	chr21	35410000	35440000	322	0	0
323	chr21	35410000	35440000	323	0	0
324	chr21	35410000	35440000	324	0	0
325	chr21	35410000	35440000	325	0	0
326	chr21	35410000	35440000	326	0	0
327	chr21	35410000	35440000	327	0	0
328	chr21	35410000	35440000	328	0	0
329	chr21	35410000	35440000	329	0	0
330	chr21	35440000	35470000	330	0	0
331	chr21	35440000	35470000	331	0	0
332	chr21	35440000	35470000	332	0	0
333	chr21	35440000	35470000	333	0	0
334	chr21	35440000	35470000	334	0.3	0
335	chr21	35440000	35470000	335	0	0
336	chr21	35440000	35470000	336	0	0
337	chr21	35440000	35470000	337	0	0
338	chr21	35440000	35470000	338	0	0
339	chr21	35440000	35470000	339	0	0
340	chr21	35470000	35500000	340	0	0
341	chr21	35470000	35500000	341	0	0
342	chr21	35470000	35500000	342	0	0
343	chr21	35470000	35500000	343	0	0
344	chr21	35470000	35500000	344	0	0
345	chr21	35470000	35500000	345	0	0
346	chr21	35470000	35500000	346	0	0
347	chr21	35470000	35500000	347	0	0
348	chr21	35470000	35500000	348	0	0
349	chr21	35470000	35500000	349	0	0
350	chr21	35500000	35530000	350	0	0
351	chr21	35500000	35530000	351	0	0
352	chr21	35500000	35530000	352	0	0
353	chr21	35500000	35530000	353	0	0
354	chr21	35500000	35530000	354	0	0
355	chr21	35500000	35530000	355	0	0
356	chr21	35500000	35530000	356	0	0
357	chr21	35500000	35530000	357	0	0
358	chr21	35500000	35530000	358	0	0
359	chr21	35500000	35530000	359	0	0
360	chr21	35530000	35560000	360	0	0
361	chr21	35530000	35560000	361	0	0
362	chr21	35530000	35560000	362	0	0
363	chr21	35530000	35560000	363	0	0
364	chr21	35530000	35560000	364	0	0
365	chr21	35530000	35560000	365	0	0
366	chr21	35530000	35560000	366	0	0
367	chr21	35530000	35560000	367	0	0
368	chr21	35530000	35560000	368	0	0
369	chr21	35530000	35560000	369	0	0
370	chr21	35560000	35590000	370	0	0
371	chr21	35560000	35590000	371	0	0
372	chr21	35560000	35590000	372	0	0
373	chr21	35560000	35590000	373	0	0
374	chr21	35560000	35590000	374	0	0
375	chr21	35560000	35590000	375	0	0
376	chr21	35560000	35590000	376	0	0
377	chr21	35560000	35590000	377	0	0
378	chr21	35560000	35590000	378	0	0
379	chr21	35560000	35590000	379	0	0
380	chr21	35590000	35620000	380	0	0
381	chr21	35590000	35620000	381	0	0
382	chr21	35590000	35620000	382	0	0
383	chr21	35590000	35620000	383	0	0
384	chr21	35590000	35620000	384	0	0
385	chr21	35590000	35620000	385	0	0
386	chr21	35590000	35620000	386	0	0
387	chr21	35590000	35620000	387	0	0
388	chr21	35590000	35620000	388	0	0
389	chr21	35590000	35620000	389	0	0
390	chr21	35620000	35650000	390	0	0
391	chr21	35620000	35650000	391	0	0
392	chr21	35620000	35650000	392	0	0
393	chr21	35620000	35650000	393	0	0
394	chr21	35620000	35650000	394	0	0
395	chr21	35620000	35650000	395	0	0
396	chr21	35620000	35650000	396	0	0
397	chr21	35620000	35650000	397	0	0
398	chr21	35620000	35650000	398	0	0
399	chr21	35620000	35650000	399	0	0
400	chr21	35650000	35680000	400	0	0
401	chr21	35650000	35680000	401	0	0
402	chr21	35650000	35680000	402	0	0
403	chr21	35650000	35680000	403	0	0
404	chr21	35650000	35680000	404	0	0
405	chr21	35650000	35680000	405	0	0
406	chr21	35650000	35680000	406	0	0
407	chr21	35650000	35680000	407	0	0
408	chr21	35650000	35680000	408	0	0
409	chr21	35650000	35680000	409	0	0
410	chr21	35680000	35710000	410	0	0
411	chr21	35680000	35710000	411	0	0
412	chr21	35680000	35710000	412	0	0
413	chr21	35680000	35710000	413	0	0
414	chr21	35680000	35710000	414	0	0
415	chr21	35680000	35710000	415	0	0
416	chr21	35680000	35710000	416	0	0
417	chr21	35680000	35710000	417	0	0
418	chr21	35680000	35710000	418	0	0
419	chr21	35680000	35710000	419	0	0
420	chr21	35710000	35740000	420	0	0
421	chr21	35710000	35740000	421	0	0
422	chr21	35710000	35740000	422	0	0
423	chr21	35710000	35740000	423	0	0
424	chr21	35710000	35740000	424	0	0
425	chr21	35710000	35740000	425	0	0
426	chr21	35710000	35740000	426	0	0
427	chr21	35710000	35740000	427	0	0
428	chr21	35710000	35740000	428	0	0
429	chr21	35710000	35740000	429	0	0
430	chr21	35740000	35770000	430	0	0
431	chr21	35740000	35770000	431	0	0
432	chr21	35740000	35770000	432	0	0
433	chr21	35740000	35770000	433	0	0
434	chr21	35740000	35770000	434	0	0
435	chr21	35740000	35770000	435	0	0
436	chr21	35740000	35770000	436	0	0
437	chr21	35740000	35770000	437	0	0
438	chr21	35740000	35770000	438	0	0
439	chr21	35740000	35770000	439	0	0
440	chr21	35770000	35800000	440	0	0
441	chr21	35770000	35800000	441	0	0
442	chr21	35770000	35800000	442	0	0
443	chr21	35770000	35800000	443	0	0
444	chr21	35770000	35800000	444	0	0
445	chr21	35770000	35800000	445	0	0
446	chr21	35770000	35800000	446	0	0
447	chr21	35770000	35800000	447	0	0
448	chr21	35770000	35800000	448	0	0
449	chr21	35770000	35800000	449	0	0
450	chr21	35800000	35830000	450	0	0
451	chr21	35800000	35830000	451	0	0
452	chr21	35800000	35830000	452	0	0
453	chr21	35800000	35830000	453	0	0
454	chr21	35800000	35830000	454	0	0
455	chr21	35800000	35830000	455	0	0
456	chr21	35800000	35830000	456	0	0
457	chr21	35800000	35830000	457	0	0
458	chr21	35800000	35830000	458	0	0
459	chr21	35800000	35830000	459	0	0
460	chr21	35830000	35860000	460	0	0
461	chr21	35830000	35860000	461	0	0
462	chr21	35830000	35860000	462	0	0
463	chr21	35830000	35860000	463	0	0
464	chr21	35830000	35860000	464	0	0.8
465	chr21	35830000	35860000	465	0	0
466	chr21	35830000	35860000	466	0	0
467	chr21	35830000	35860000	467	0	0
468	chr21	35830000	35860000	468	0	0
469	chr21	35830000	35860000	469	0	0
470	chr21	35860000	35890000	470	0	0
471	chr21	35860000	35890000	471	0	0
472	chr21	35860000	35890000	472	0	0
473	chr21	35860000	35890000	473	0	0
474	chr21	35860000	35890000	474	0	0
475	chr21	35860000	35890000	475	0	0
476	chr21	35860000	35890000	476	0	0
477	chr21	35860000	35890000	477	0	0
478	chr21	35860000	35890000	478	0	0
479	chr21	35860000	35890000	479	0	0
480	chr21	35890000	35920000	480	0	0
481	chr21	35890000	35920000	481	0	0
482	chr21	35890000	35920000	482	0	0
483	chr21	35890000	35920000	483	0	0
484	chr21	35890000	35920000	484	0	0
485	chr21	35890000	35920000	485	0	0
486	chr21	35890000	35920000	486	0	0
487	chr21	35890000	35920000	487	0	0
488	chr21	35890000	35920000	488	0	0
489	chr21	35890000	35920000	489	0	0
490	chr21	35920000	35950000	490	0	0
491	chr21	35920000	35950000	491	0	0
492	chr21	35920000	35950000	492	0	0
493	chr21	35920000	35950000	493	0	0
494	chr21	35920000	35950000	494	0	1
495	chr21	35920000	35950000	495	0	0
496	chr21	35920000	35950000	496	0	0
497	chr21	35920000	35950000	497	0	0
498	chr21	35920000	35950000	498	0	0
499	chr21	35920000	35950000	499	0	0
500	chr21	35950000	35980000	500	0	0
501	chr21	35950000	35980000	501	0	0
502	chr21	35950000	35980000	502	0	0
503	chr21	35950000	35980000	503	0	0
504	chr21	35950000	35980000	504	0	0
505	chr21	35950000	35980000	505	0	0
506	chr21	35950000	35980000	506	0	0
507	chr21	35950000	35980000	507	0	0
508	chr21	35950000	35980000	508	0	0
509	chr21	35950000	35980000	509	0	0
510	chr21	35980000	36010000	510	0	0
511	chr21	35980000	36010000	511	0	0
512	chr21	35980000	36010000	512	0	0
513	chr21	35980000	36010000	513	0	0
514	chr21	35980000	36010000	514	0	0
515	chr21	35980000	36010000	515	0	0
516	chr21	35980000	36010000	516	0	0
517	chr21	35980000	36010000	517	0	0
518	chr21	35980000	36010000	518	0	0
519	chr21	35980000	36010000	519	0	0
520	chr21	36010000	36040000	520	0	0
521	chr21	36010000	36040000	521	0	0
522	chr21	36010000	36040000	522	0	0
523	chr21	36010000	36040000	523	0	0
524	chr21	36010000	36040000	524	0	0
525	chr21	36010000	36040000	525	0	0
526	chr21	36010000	36040000	526	0	0
527	chr21	36010000	36040000	527	0	0
528	chr21	36010000	36040000	528	0	0
529	chr21	36010000	36040000	529	0	0
530	chr21	36040000	36070000	530	0	0
531	chr21	36040000	36070000	531	0	0
532	chr21	36040000	36070000	532	0	0
533	chr21	36040000	36070000	533	0	0
534	chr21	36040000	36070000	534	0	0
535	chr21	36040000	36070000	535	0	0
536	chr21	36040000	36070000	536	0	0
537	chr21	36040000	36070000	537	0	0
538	chr21	36040000	36070000	538	0	0
539	chr21	36040000	36070000	539	0	0
540	chr21	36070000	36100000	540	0	0
541	chr21	36070000	36100000	541	0	0
542	chr21	36070000	36100000	542	0	0
543	chr21	36070000	36100000	543	0	0
544	chr21	36070000	36100000	544	0	0
545	chr21	36070000	36100000	545	0	0
546	chr21	36070000	36100000	546	0	0
547	chr21	36070000	36100000	547	0	0
548	chr21	36070000	36100000	548	0	0
549	chr21	36070000	36100000	549	0	0
550	chr21	36100000	36130000	550	0	0
551	chr21	36100000	36130000	551	0	0
552	chr21	36100000	36130000	552	0	1
553	chr21	36100000	36130000	553	0	0
554	chr21	36100000	36130000	554	0	0
555	chr21	36100000	36130000	555	0	0
556	chr21	36100000	36130000	556	1	0
557	chr21	36100000	36130000	557	0	0
558	chr21	36100000	36130000	558	0	0
559	chr21	36100000	36130000	559	0	0
560	chr21	36130000	36160000	560	0	0
561	chr21	36130000	36160000	561	0	0
562	chr21	36130000	36160000	562	0	0
563	chr21	36130000	36160000	563	0	0
564	chr21	36130000	36160000	564	0	0
565	chr21	36130000	36160000	565	0	0
566	chr21	36130000	36160000	566	0	0
567	chr21	36130000	36160000	567	0	0
568	chr21	36130000	36160000	568	0	0
569	chr21	36130000	36160000	569	0	0
570	chr21	36160000	36190000	570	0	0
571	chr21	36160000	36190000	571	0	0
572	chr21	36160000	36190000	572	0	0
573	chr21	36160000	36190000	573	0	0
574	chr21	36160000	36190000	574	0	0
575	chr21	36160000	36190000	575	0	0
576	chr21	36160000	36190000	576	0	0
577	chr21	36160000	36190000	577	0	0
578	chr21	36160000	36190000	578	0	0
579	chr21	36160000	36190000	579	0	0
580	chr21	36190000	36220000	580	0	0
581	chr21	36190000	36220000	581	0	0
582	chr21	36190000	36220000	582	0	0
583	chr21	36190000	36220000	583	0	0
584	chr21	36190000	36220000	584	0	0
585	chr21	36190000	36220000	585	0	0
586	chr21	36190000	36220000	586	0	0
587	chr21	36190000	36220000	587	0	0
588	chr21	36190000	36220000	588	0	0
589	chr21	36190000	36220000	589	0	0
590	chr21	36220000	36250000	590	0	0
591	chr21	36220000	36250000	591	0	0
592	chr21	36220000	36250000	592	0	0
593	chr21	36220000	36250000	593	0	0
594	chr21	36220000	36250000	594	0	0
595	chr21	36220000	36250000	595	0	0
596	chr21	36220000	36250000	596	0	0
597	chr21	36220000	36250000	597	0	0
598	chr21	36220000	36250000	598	0	0
599	chr21	36220000	36250000	599	0	0
600	chr21	36250000	36280000	600	0	0
601	chr21	36250000	36280000	601	0	0
602	chr21	36250000	36280000	602	0	0
603	chr21	36250000	36280000	603	0	0
604	chr21	36250000	36280000	604	0	0
605	chr21	36250000	36280000	605	0	0
606	chr21	36250000	36280000	606	0	0
607	chr21	36250000	36280000	607	0	0
608	chr21	36250000	36280000	608	0	0
609	chr21	36250000	36280000	609	0	0
610	chr21	36280000	36310000	610	0	0
611	chr21	36280000	36310000	611	0	0
612	chr21	36280000	36310000	612	0	0
613	chr21	36280000	36310000	613	0	0
614	chr21	36280000	36310000	614	0	0
615	chr21	36280000	36310000	615	0	0
616	chr21	36280000	36310000	616	0	0
617	chr21	36280000	36310000	617	0	0
618	chr21	36280000	36310000	618	0	0
619	chr21	36280000	36310000	619	0	0
620	chr21	36310000	36340000	620	0	0
621	chr21	36310000	36340000	621	0	0
622	chr21	36310000	36340000	622	0	0
623	chr21	36310000	36340000	623	0	0
624	chr21	36310000	36340000	624	0	0
625	chr21	36310000	36340000	625	0	0
626	chr21	36310000	36340000	626	0	0
627	chr21	36310000	36340000	627	0	0
628	chr21	36310000	36340000	628	0	0
629	chr21	36310000	36340000	629	0	0
630	chr21	36340000	36370000	630	0	0
631	chr21	36340000	36370000	631	0	0
632	chr21	36340000	36370000	632	0	0
633	chr21	36340000	36370000	633	0	0
634	chr21	36340000	36370000	634	0	0
635	chr21	36340000	36370000	635	0	0
636	chr21	36340000	36370000	636	0	0
637	chr21	36340000	36370000	637	0	0
638	chr21	36340000	36370000	638	0	0
639	chr21	36340000	36370000	639	0	0
640	chr21	36370000	36400000	640	0	0
641	chr21	36370000	36400000	641	0	0
642	chr21	36370000	36400000	642	0	0
643	chr21	36370000	36400000	643	0	0
644	chr21	36370000	36400000	644	0	0
645	chr21	36370000	36400000	645	0	0
646	chr21	36370000	36400000	646	0	0
647	chr21	36370000	36400000	647	0	0
648	chr21	36370000	36400000	648	0	0
649	chr21	36370000	36400000	649	0	0
650	chr21	36400000	36430000	650	0	0
651	chr21	36400000	36430000	651	0	0
652	chr21	36400000	36430000	652	0	0.8
653	chr21	36400000	36430000	653	0	0
654	chr21	36400000	36430000	654	0	0
655	chr21	36400000	36430000	655	0	0
656	chr21	36400000	36430000	656	0.6	0
657	chr21	36400000	36430000	657	0	0
658	chr21	36400000	36430000	658	0	0
659	chr21	36400000	36430000	659	0	0
660	chr21	36430000	36460000	660	0	0
661	chr21	36430000	36460000	661	0	0
662	chr21	36430000	36460000	662	0	0
663	chr21	36430000	36460000	663	0	0
664	chr21	36430000	36460000	664	0	0
665	chr21	36430000	36460000	665	0	0
666	chr21	36430000	36460000	666	0	0
667	chr21	36430000	36460000	667	0	0
668	chr21	36430000	36460000	668	0	0
669	chr21	36430000	36460000	669	0	0
670	chr21	36460000	36490000	670	0	0
671	chr21	36460000	36490000	671	0	0
672	chr21	36460000	36490000	672	0	0
673	chr21	36460000	36490000	673	0	0
674	chr21	36460000	36490000	674	0	0
675	chr21	36460000	36490000	675	0	0
676	chr21	36460000	36490000	676	0	0
677	chr21	36460000	36490000	677	0	0
678	chr21	36460000	36490000	678	0	0
679	chr21	36460000	36490000	679	0	0
680	chr21	36490000	36520000	680	0	0
681	chr21	36490000	36520000	681	0	0
682	chr21	36490000	36520000	682	0	0
683	chr21	36490000	36520000	683	0	0
684	chr21	36490000	36520000	684	0.8	0
685	chr21	36490000	36520000	685	0	0
686	chr21	36490000	36520000	686	0	0
687	chr21	36490000	36520000	687	0	0
688	chr21	36490000	36520000	688	0	0
689	chr21	36490000	36520000	689	0	0
690	chr21	36520000	36550000	690	0	0
691	chr21	36520000	36550000	691	0	0
692	chr21	36520000	36550000	692	0	0
693	chr21	36520000	36550000	693	0	0
694	chr21	36520000	36550000	694	0	0
695	chr21	36520000	36550000	695	0	0
696	chr21	36520000	36550000	696	0	0
697	chr21	36520000	36550000	697	0	0
698	chr21	36520000	36550000	698	0	0
699	chr21	36520000	36550000	699	0	0
700	chr21	36550000	36580000	700	0	0
701	chr21	36550000	36580000	701	0	0
702	chr21	36550000	36580000	702	0	0
703	chr21	36550000	36580000	703	0	0
704	chr21	36550000	36580000	704	0	0
705	chr21	36550000	36580000	705	0	0
706	chr21	36550000	36580000	706	0	0
707	chr21	36550000	36580000	707	0	0
708	chr21	36550000	36580000	708	0	0
709	chr21	36550000	36580000	709	0	0
710	chr21	36580000	36610000	710	0	0
711	chr21	36580000	36610000	711	0	0
712	chr21	36580000	36610000	712	0	0
713	chr21	36580000	36610000	713	0	0
714	chr21	36580000	36610000	714	0	0
715	chr21	36580000	36610000	715	0	0
716	chr21	36580000	36610000	716	0	0
717	chr21	36580000	36610000	717	0	0
718	chr21	36580000	36610000	718	0	0
719	chr21	36580000	36610000	719	0	0
720	chr21	36610000	36640000	720	0	0
721	chr21	36610000	36640000	721	0	0
722	chr21	36610000	36640000	722	0	0
723	chr21	36610000	36640000	723	0	0.4
724	chr21	36610000	36640000	724	0	0
725	chr21	36610000	36640000	725	0	0
726	chr21	36610000	36640000	726	0	0
727	chr21	36610000	36640000	727	0.6	0
728	chr21	36610000	36640000	728	0	0
729	chr21	36610000	36640000	729	0	0
730	chr21	36640000	36670000	730	0	0
731	chr21	36640000	36670000	731	0	0
732	chr21	36640000	36670000	732	0	0
733	chr21	36640000	36670000	733	0	0
734	chr21	36640000	36670000	734	0	0
735	chr21	36640000	36670000	735	0	0
736	chr21	36640000	36670000	736	0	0
737	chr21	36640000	36670000	737	0	0
738	chr21	36640000	36670000	738	0	0
739	chr21	36640000	36670000	739	0	0
740	chr21	36670000	36700000	740	0	0
741	chr21	36670000	36700000	741	0	0
742	chr21	36670000	36700000	742	0	0
743	chr21	36670000	36700000	743	0	0
744	chr21	36670000	36700000	744	0	0
745	chr21	36670000	36700000	745	0	0
746	chr21	36670000	36700000	746	0	0
747	chr21	36670000	36700000	747	0	0
748	chr21	36670000	36700000	748	0	0
749	chr21	36670000	36700000	749	0	0
750	chr21	36700000	36730000	750	0	0
751	chr21	36700000	36730000	751	0	0
752	chr21	36700000	36730000	752	0	0
753	chr21	36700000	36730000	753	0	0
754	chr21	36700000	36730000	754	0	0
755	chr21	36700000	36730000	755	0	0
756	chr21	36700000	36730000	756	0	0
757	chr21	36700000	36730000	757	0	0
758	chr21	36700000	36730000	758	0	0
759	chr21	36700000	36730000	759	0	0
760	chr21	36730000	36760000	760	0	0
761	chr21	36730000	36760000	761	0	0
762	chr21	36730000	36760000	762	0	0
763	chr21	36730000	36760000	763	0	0
764	chr21	36730000	36760000	764	0	0
765	chr21	36730000	36760000	765	0	0
766	chr21	36730000	36760000	766	0	0
767	chr21	36730000	36760000	767	0	0
768	chr21	36730000	36760000	768	0	0
769	chr21	36730000	36760000	769	0	0
770	chr21	36760000	36790000	770	0	0
771	chr21	36760000	36790000	771	0	0
772	chr21	36760000	36790000	772	0	0
773	chr21	36760000	36790000	773	0	0
774	chr21	36760000	36790000	774	0	0
775	chr21	36760000	36790000	775	0	0
776	chr21	36760000	36790000	776	0	0
777	chr21	36760000	36790000	777	0	0
778	chr21	36760000	36790000	778	0	0
779	chr21	36760000	36790000	779	0	0
780	chr21	36790000	36820000	780	0	0
781	chr21	36790000	36820000	781	0	0
782	chr21	36790000	36820000	782	0	0
783	chr21	36790000	36820000	783	0	0
784	chr21	36790000	36820000	784	0	0
785	chr21	36790000	36820000	785	0	0
786	chr21	36790000	36820000	786	0	0
787	chr21	36790000	36820000	787	0	0
788	chr21	36790000	36820000	788	0	0
789	chr21	36790000	36820000	789	0	0
790	chr21	36820000	36850000	790	0	0
791	chr21	36820000	36850000	791	0	0
792	chr21	36820000	36850000	792	0	0
793	chr21	36820000	36850000	793	0	0
794	chr21	36820000	36850000	794	0	0
795	chr21	36820000	36850000	795	0	0
796	chr21	36820000	36850000	796	0	0
797	chr21	36820000	36850000	797	0	0
798	chr21	36820000	36850000	798	0	0
799	chr21	36820000	36850000	799	0	0
800	chr21	36850000	36880000	800	0	0
801	chr21	36850000	36880000	801	0	0
802	chr21	36850000	36880000	802	0	0
803	chr21	36850000	36880000	803	0	0
804	chr21	36850000	36880000	804	0	0
805	chr21	36850000	36880000	805	0	0
806	chr21	36850000	36880000	806	0	0
807	chr21	36850000	36880000	807	0	0
808	chr21	36850000	36880000	808	0	0
809	chr21	36850000	36880000	809	0	0
810	chr21	36880000	36910000	810	0	0
811	chr21	36880000	36910000	811	0	0
812	chr21	36880000	36910000	812	0	0
813	chr21	36880000	36910000	813	0	0
814	chr21	36880000	36910000	814	0	0
815	chr21	36880000	36910000	815	0	0
816	chr21	36880000	36910000	816	0	0
817	chr21	36880000	36910000	817	0	0
818	chr21	36880000	36910000	818	0	0
819	chr21	36880000	36910000	819	0	0
820	chr21	36910000	36940000	820	0	0
821	chr21	36910000	36940000	821	0	0
822	chr21	36910000	36940000	822	0	0
823	chr21	36910000	36940000	823	0	0.8
824	chr21	36910000	36940000	824	0	0
825	chr21	36910000	36940000	825	0	0
826	chr21	36910000	36940000	826	0.8	0
827	chr21	36910000	36940000	827	0	0
828	chr21	36910000	36940000	828	0	0
829	chr21	36910000	36940000	829	0	0
830	chr21	36940000	36970000	830	0	0
831	chr21	36940000	36970000	831	0	0
832	chr21	36940000	36970000	832	0	0
833	chr21	36940000	36970000	833	0	0
834	chr21	36940000	36970000	834	0	0
835	chr21	36940000	36970000	835	0	0
836	chr21	36940000	36970000	836	0	0
837	chr21	36940000	36970000	837	0	0
838	chr21	36940000	36970000	838	0	0
839	chr21	36940000	36970000	839	0	0
840	chr21	36970000	37000000	840	0	0
841	chr21	36970000	37000000	841	0	0
842	chr21	36970000	37000000	842	0	0
843	chr21	36970000	37000000	843	0	0
844	chr21	36970000	37000000	844	0	0
845	chr21	36970000	37000000	845	0	0
846	chr21	36970000	37000000	846	0	0
847	chr21	36970000	37000000	847	0	0
848	chr21	36970000	37000000	848	0	0
849	chr21	36970000	37000000	849	0	0
850	chr21	37000000	37030000	850	0	0
851	chr21	37000000	37030000	851	0	0
852	chr21	37000000	37030000	852	0	0
853	chr21	37000000	37030000	853	0	0
854	chr21	37000000	37030000	854	0	0
855	chr21	37000000	37030000	855	0	0
856	chr21	37000000	37030000	856	0	0
857	chr21	37000000	37030000	857	0	0
858	chr21	37000000	37030000	858	0	0
859	chr21	37000000	37030000	859	0	0
860	chr21	37030000	37060000	860	0	0
861	chr21	37030000	37060000	861	0	0
862	chr21	37030000	37060000	862	0	0
863	chr21	37030000	37060000	863	0	0
864	chr21	37030000	37060000	864	0	0
865	chr21	37030000	37060000	865	0	0
866	chr21	37030000	37060000	866	0	0
867	chr21	37030000	37060000	867	0	0
868	chr21	37030000	37060000	868	0	0
869	chr21	37030000	37060000	869	0	0
870	chr21	37060000	37090000	870	0	0
871	chr21	37060000	37090000	871	0	0
872	chr21	37060000	37090000	872	0	0
873	chr21	37060000	37090000	873	0	0
874	chr21	37060000	37090000	874	0	0.6
875	chr21	37060000	37090000	875	0	0
876	chr21	37060000	37090000	876	0	0
877	chr21	37060000	37090000	877	0	0
878	chr21	37060000	37090000	878	0	0
879	chr21	37060000	37090000	879	0	0
880	chr21	37090000	37120000	880	0	0
881	chr21	37090000	37120000	881	0	0
882	chr21	37090000	37120000	882	0	0
883	chr21	37090000	37120000	883	0	0
884	chr21	37090000	37120000	884	0	0
885	chr21	37090000	37120000	885	0	0
886	chr21	37090000	37120000	886	0	0
887	chr21	37090000	37120000	887	0	0
888	chr21	37090000	37120000	888	0	0
889	chr21	37090000	37120000	889	0	0
890	chr21	37120000	37150000	890	0	0
891	chr21	37120000	37150000	891	0	0
892	chr21	37120000	37150000	892	0	0
893	chr21	37120000	37150000	893	0	0
894	chr21	37120000	37150000	894	0	0
895	chr21	37120000	37150000	895	0	0
896	chr21	37120000	37150000	896	0	0
897	chr21	37120000	37150000	897	0	0
898	chr21	37120000	37150000	898	0	0
899	chr21	37120000	37150000	899	0	0
900	chr21	37150000	37180000	900	0	0
901	chr21	37150000	37180000	901	0	0
902	chr21	37150000	37180000	902	0	0
903	chr21	37150000	37180000	903	0	0
904	chr21	37150000	37180000	904	0	0
905	chr21	37150000	37180000	905	0	0
906	chr21	37150000	37180000	906	0	0
907	chr21	37150000	37180000	907	0	0
908	chr21	37150000	37180000	908	0	0
909	chr21	37150000	37180000	909	0	0
910	chr21	37180000	37210000	910	0	0
911	chr21	37180000	37210000	911	0	0
912	chr21	37180000	37210000	912	0	0
913	chr21	37180000	37210000	913	0	0
914	chr21	37180000	37210000	914	0	0
915	chr21	37180000	37210000	915	0	0
916	chr21	37180000	37210000	916	0	0
917	chr21	37180000	37210000	917	0	0
918	chr21	37180000	37210000	918	0	0
919	chr21	37180000	37210000	919	0	0
920	chr21	37210000	37240000	920	0	0
921	chr21	37210000	37240000	921	0	0
922	chr21	37210000	37240000	922	0	0
923	chr21	37210000	37240000	923	0	0
924	chr21	37210000	37240000	924	0	0
925	chr21	37210000	37240000	925	0	0
926	chr21	37210000	37240000	926	0	0
927	chr21	37210000	37240000	927	0	0
928	chr21	37210000	37240000	928	0	0
929	chr21	37210000	37240000	929	0	0