	chrom	start	end	bead_id	forward	backward
0	chr21	29220000	29250000	0	0.0	0.0
1	chr21	29220000	29250000	1	0.0	0.0
2	chr21	29220000	29250000	2	0.0	0.0
3	chr21	29220000	29250000	3	0.0	0.0
4	chr21	29220000	29250000	4	0.0	0.0
5	chr21	29220000	29250000	5	0.0	0.0
6	chr21	29220000	29250000	6	0.0	0.0
7	chr21	29220000	29250000	7	0.0	0.0
8	chr21	29220000	29250000	8	0.0	0.0
9	chr21	29220000	29250000	9	0.0	0.0
10	chr21	29250000	29280000	10	0.0	0.0
11	chr21	29250000	29280000	11	0.0	0.0
12	chr21	29250000	29280000	12	0.0	0.0
13	chr21	29250000	29280000	13	0.0	0.0
14	chr21	29250000	29280000	14	0.0	0.0
15	chr21	29250000	29280000	15	0.0	0.0
16	chr21	29250000	29280000	16	0.0	0.0
17	chr21	29250000	29280000	17	0.0	0.0
18	chr21	29250000	29280000	18	0.0	0.0
19	chr21	29250000	29280000	19	0.0	0.0
20	chr21	29280000	29310000	20	0.0	0.0
21	chr21	29280000	29310000	21	0.0	0.0
22	chr21	29280000	29310000	22	0.0	0.0
23	chr21	29280000	29310000	23	0.0	0.0
24	chr21	29280000	29310000	24	0.0	0.0
25	chr21	29280000	29310000	25	0.0	0.0
26	chr21	29280000	29310000	26	0.0	0.0
27	chr21	29280000	29310000	27	0.0	0.0
28	chr21	29280000	29310000	28	0.0	0.0
29	chr21	29280000	29310000	29	0.0	0.0
30	chr21	29310000	29340000	30	0.0	0.0
31	chr21	29310000	29340000	31	0.0	0.0
32	chr21	29310000	29340000	32	0.0	0.0
33	chr21	29310000	29340000	33	0.0	0.0
34	chr21	29310000	29340000	34	0.0	0.0
35	chr21	29310000	29340000	35	0.0	0.0
36	chr21	29310000	29340000	36	0.0	0.0
37	chr21	29310000	29340000	37	0.0	0.0
38	chr21	29310000	29340000	38	0.0	0.0
39	chr21	29310000	29340000	39	0.0	0.0
40	chr21	29340000	29370000	40	0.0	0.0
41	chr21	29340000	29370000	41	0.0	0.0
42	chr21	29340000	29370000	42	0.0	0.0
43	chr21	29340000	29370000	43	0.0	0.0
44	chr21	29340000	29370000	44	0.0	0.0
45	chr21	29340000	29370000	45	0.0	0.0
46	chr21	29340000	29370000	46	0.0	0.0
47	chr21	29340000	29370000	47	0.0	0.0
48	chr21	29340000	29370000	48	0.0	0.0
49	chr21	29340000	29370000	49	0.0	0.0
50	chr21	29370000	29400000	50	0.0	0.0
51	chr21	29370000	29400000	51	0.0	0.0
52	chr21	29370000	29400000	52	0.0	0.0
53	chr21	29370000	29400000	53	0.0	0.0
54	chr21	29370000	29400000	54	1.0	0.0
55	chr21	29370000	29400000	55	0.0	0.0
56	chr21	29370000	29400000	56	0.0	0.0
57	chr21	29370000	29400000	57	0.0	0.0
58	chr21	29370000	29400000	58	0.0	0.0
59	chr21	29370000	29400000	59	0.0	0.0
60	chr21	29400000	29430000	60	0.0	0.0
61	chr21	29400000	29430000	61	0.0	0.0
62	chr21	29400000	29430000	62	0.0	0.0
63	chr21	29400000	29430000	63	0.0	0.0
64	chr21	29400000	29430000	64	0.0	1.0
65	chr21	29400000	29430000	65	0.0	0.0
66	chr21	29400000	29430000	66	0.0	0.0
67	chr21	29400000	29430000	67	0.0	0.0
68	chr21	29400000	29430000	68	0.0	0.0
69	chr21	29400000	29430000	69	0.0	0.0
70	chr21	29430000	29460000	70	0.0	0.0
71	chr21	29430000	29460000	71	0.0	0.0
72	chr21	29430000	29460000	72	0.0	0.0
73	chr21	29430000	29460000	73	0.0	0.0
74	chr21	29430000	29460000	74	0.0	0.0
75	chr21	29430000	29460000	75	0.0	0.0
76	chr21	29430000	29460000	76	0.0	0.0
77	chr21	29430000	29460000	77	0.0	0.0
78	chr21	29430000	29460000	78	0.0	0.0
79	chr21	29430000	29460000	79	0.0	0.0
80	chr21	29460000	29490000	80	0.0	0.0
81	chr21	29460000	29490000	81	0.0	0.0
82	chr21	29460000	29490000	82	0.0	0.0
83	chr21	29460000	29490000	83	0.0	0.0
84	chr21	29460000	29490000	84	0.0	0.0
85	chr21	29460000	29490000	85	0.0	0.0
86	chr21	29460000	29490000	86	0.0	0.0
87	chr21	29460000	29490000	87	0.0	0.0
88	chr21	29460000	29490000	88	0.0	0.0
89	chr21	29460000	29490000	89	0.0	0.0
90	chr21	29490000	29520000	90	0.0	0.0
91	chr21	29490000	29520000	91	0.0	0.0
92	chr21	29490000	29520000	92	0.0	0.0
93	chr21	29490000	29520000	93	0.0	0.0
94	chr21	29490000	29520000	94	0.0	0.0
95	chr21	29490000	29520000	95	0.0	0.0
96	chr21	29490000	29520000	96	0.0	0.0
97	chr21	29490000	29520000	97	0.0	0.0
98	chr21	29490000	29520000	98	0.0	0.0
99	chr21	29490000	29520000	99	0.0	0.0
100	chr21	29520000	29550000	100	0.0	0.0
101	chr21	29520000	29550000	101	0.0	0.0
102	chr21	29520000	29550000	102	0.0	0.0
103	chr21	29520000	29550000	103	0.0	0.0
104	chr21	29520000	29550000	104	0.0	0.0
105	chr21	29520000	29550000	105	0.0	0.0
106	chr21	29520000	29550000	106	0.0	0.0
107	chr21	29520000	29550000	107	0.0	0.0
108	chr21	29520000	29550000	108	0.0	0.0
109	chr21	29520000	29550000	109	0.0	0.0
110	chr21	29550000	29580000	110	0.0	0.0
111	chr21	29550000	29580000	111	0.0	0.0
112	chr21	29550000	29580000	112	0.0	0.0
113	chr21	29550000	29580000	113	0.0	0.0
114	chr21	29550000	29580000	114	0.0	0.0
115	chr21	29550000	29580000	115	0.0	0.0
116	chr21	29550000	29580000	116	0.0	0.0
117	chr21	29550000	29580000	117	0.0	0.0
118	chr21	29550000	29580000	118	0.0	0.0
119	chr21	29550000	29580000	119	0.0	0.0
120	chr21	29580000	29610000	120	0.0	0.0
121	chr21	29580000	29610000	121	0.0	0.0
122	chr21	29580000	29610000	122	0.0	0.0
123	chr21	29580000	29610000	123	0.0	0.0
124	chr21	29580000	29610000	124	0.0	1.0
125	chr21	29580000	29610000	125	0.0	0.0
126	chr21	29580000	29610000	126	0.0	0.0
127	chr21	29580000	29610000	127	0.0	0.0
128	chr21	29580000	29610000	128	0.0	0.0
129	chr21	29580000	29610000	129	0.0	0.0
130	chr21	29610000	29640000	130	0.0	0.0
131	chr21	29610000	29640000	131	0.0	0.0
132	chr21	29610000	29640000	132	0.0	0.0
133	chr21	29610000	29640000	133	0.0	0.0
134	chr21	29610000	29640000	134	0.0	0.0
135	chr21	29610000	29640000	135	0.0	0.0
136	chr21	29610000	29640000	136	0.0	0.0
137	chr21	29610000	29640000	137	0.0	0.0
138	chr21	29610000	29640000	138	0.0	0.0
139	chr21	29610000	29640000	139	0.0	0.0
140	chr21	29640000	29670000	140	0.0	0.0
141	chr21	29640000	29670000	141	0.0	0.0
142	chr21	29640000	29670000	142	0.0	0.0
143	chr21	29640000	29670000	143	0.0	0.0
144	chr21	29640000	29670000	144	0.0	0.0
145	chr21	29640000	29670000	145	0.0	0.0
146	chr21	29640000	29670000	146	0.0	0.0
147	chr21	29640000	29670000	147	0.0	0.0
148	chr21	29640000	29670000	148	0.0	0.0
149	chr21	29640000	29670000	149	0.0	0.0
150	chr21	29670000	29700000	150	0.0	0.0
151	chr21	29670000	29700000	151	0.0	0.0
152	chr21	29670000	29700000	152	0.0	0.0
153	chr21	29670000	29700000	153	0.0	0.0
154	chr21	29670000	29700000	154	0.0	0.0
155	chr21	29670000	29700000	155	0.0	0.0
156	chr21	29670000	29700000	156	0.0	0.0
157	chr21	29670000	29700000	157	0.0	0.0
158	chr21	29670000	29700000	158	0.0	0.0
159	chr21	29670000	29700000	159	0.0	0.0
160	chr21	29700000	29730000	160	0.0	0.0
161	chr21	29700000	29730000	161	0.0	0.0
162	chr21	29700000	29730000	162	0.0	0.0
163	chr21	29700000	29730000	163	0.0	0.0
164	chr21	29700000	29730000	164	0.0	1.0
165	chr21	29700000	29730000	165	0.0	0.0
166	chr21	29700000	29730000	166	0.0	0.0
167	chr21	29700000	29730000	167	0.0	0.0
168	chr21	29700000	29730000	168	0.0	0.0
169	chr21	29700000	29730000	169	0.0	0.0
170	chr21	29730000	29760000	170	0.0	0.0
171	chr21	29730000	29760000	171	0.0	0.0
172	chr21	29730000	29760000	172	0.0	0.0
173	chr21	29730000	29760000	173	0.0	0.0
174	chr21	29730000	29760000	174	0.0	0.0
175	chr21	29730000	29760000	175	0.0	0.0
176	chr21	29730000	29760000	176	0.0	0.0
177	chr21	29730000	29760000	177	0.0	0.0
178	chr21	29730000	29760000	178	0.0	0.0
179	chr21	29730000	29760000	179	0.0	0.0
180	chr21	29760000	29790000	180	0.0	0.0
181	chr21	29760000	29790000	181	0.0	0.0
182	chr21	29760000	29790000	182	0.0	0.0
183	chr21	29760000	29790000	183	0.0	0.0
184	chr21	29760000	29790000	184	0.0	0.0
185	chr21	29760000	29790000	185	0.0	0.0
186	chr21	29760000	29790000	186	0.0	0.0
187	chr21	29760000	29790000	187	0.0	0.0
188	chr21	29760000	29790000	188	0.0	0.0
189	chr21	29760000	29790000	189	0.0	0.0
190	chr21	29790000	29820000	190	0.0	0.0
191	chr21	29790000	29820000	191	0.0	0.0
192	chr21	29790000	29820000	192	0.0	0.0
193	chr21	29790000	29820000	193	0.0	0.0
194	chr21	29790000	29820000	194	0.0	0.0
195	chr21	29790000	29820000	195	0.0	0.0
196	chr21	29790000	29820000	196	0.0	0.0
197	chr21	29790000	29820000	197	0.0	0.0
198	chr21	29790000	29820000	198	0.0	0.0
199	chr21	29790000	29820000	199	0.0	0.0
200	chr21	29820000	29850000	200	0.0	0.0
201	chr21	29820000	29850000	201	0.0	0.0
202	chr21	29820000	29850000	202	0.0	0.0
203	chr21	29820000	29850000	203	0.0	0.0
204	chr21	29820000	29850000	204	0.0	0.0
205	chr21	29820000	29850000	205	0.0	0.0
206	chr21	29820000	29850000	206	0.0	0.0
207	chr21	29820000	29850000	207	0.0	0.0
208	chr21	29820000	29850000	208	0.0	0.0
209	chr21	29820000	29850000	209	0.0	0.0
210	chr21	29850000	29880000	210	0.0	0.0
211	chr21	29850000	29880000	211	0.0	0.0
212	chr21	29850000	29880000	212	0.0	0.0
213	chr21	29850000	29880000	213	0.0	0.0
214	chr21	29850000	29880000	214	0.0	0.0
215	chr21	29850000	29880000	215	0.0	0.0
216	chr21	29850000	29880000	216	0.0	0.0
217	chr21	29850000	29880000	217	0.0	0.0
218	chr21	29850000	29880000	218	0.0	0.0
219	chr21	29850000	29880000	219	0.0	0.0
220	chr21	29880000	29910000	220	0.0	0.0
221	chr21	29880000	29910000	221	0.0	0.0
222	chr21	29880000	29910000	222	0.0	0.0
223	chr21	29880000	29910000	223	0.0	0.0
224	chr21	29880000	29910000	224	1.0	1.0
225	chr21	29880000	29910000	225	0.0	0.0
226	chr21	29880000	29910000	226	0.0	0.0
227	chr21	29880000	29910000	227	0.0	0.0
228	chr21	29880000	29910000	228	0.0	0.0
229	chr21	29880000	29910000	229	0.0	0.0
230	chr21	29910000	29940000	230	0.0	0.0
231	chr21	29910000	29940000	231	0.0	0.0
232	chr21	29910000	29940000	232	0.0	0.0
233	chr21	29910000	29940000	233	0.0	0.0
234	chr21	29910000	29940000	234	0.0	0.0
235	chr21	29910000	29940000	235	0.0	0.0
236	chr21	29910000	29940000	236	0.0	0.0
237	chr21	29910000	29940000	237	0.0	0.0
238	chr21	29910000	29940000	238	0.0	0.0
239	chr21	29910000	29940000	239	0.0	0.0
240	chr21	29940000	29970000	240	0.0	0.0
241	chr21	29940000	29970000	241	0.0	0.0
242	chr21	29940000	29970000	242	0.0	0.0
243	chr21	29940000	29970000	243	0.0	0.0
244	chr21	29940000	29970000	244	0.0	0.0
245	chr21	29940000	29970000	245	0.0	0.0
246	chr21	29940000	29970000	246	0.0	0.0
247	chr21	29940000	29970000	247	0.0	0.0
248	chr21	29940000	29970000	248	0.0	0.0
249	chr21	29940000	29970000	249	0.0	0.0
250	chr21	29970000	30000000	250	0.0	0.0
251	chr21	29970000	30000000	251	0.0	0.0
252	chr21	29970000	30000000	252	0.0	0.0
253	chr21	29970000	30000000	253	0.0	0.0
254	chr21	29970000	30000000	254	0.0	0.0
255	chr21	29970000	30000000	255	0.0	0.0
256	chr21	29970000	30000000	256	0.0	0.0
257	chr21	29970000	30000000	257	0.0	0.0
258	chr21	29970000	30000000	258	0.0	0.0
259	chr21	29970000	30000000	259	0.0	0.0
260	chr21	30000000	30030000	260	0.0	0.0
261	chr21	30000000	30030000	261	0.0	0.0
262	chr21	30000000	30030000	262	0.0	0.0
263	chr21	30000000	30030000	263	0.0	0.0
264	chr21	30000000	30030000	264	0.0	0.0
265	chr21	30000000	30030000	265	0.0	0.0
266	chr21	30000000	30030000	266	0.0	0.0
267	chr21	30000000	30030000	267	0.0	0.0
268	chr21	30000000	30030000	268	0.0	0.0
269	chr21	30000000	30030000	269	0.0	0.0
270	chr21	30030000	30060000	270	0.0	0.0
271	chr21	30030000	30060000	271	0.0	0.0
272	chr21	30030000	30060000	272	0.0	0.0
273	chr21	30030000	30060000	273	0.0	0.0
274	chr21	30030000	30060000	274	0.0	0.0
275	chr21	30030000	30060000	275	0.0	0.0
276	chr21	30030000	30060000	276	0.0	0.0
277	chr21	30030000	30060000	277	0.0	0.0
278	chr21	30030000	30060000	278	0.0	0.0
279	chr21	30030000	30060000	279	0.0	0.0
280	chr21	30060000	30090000	280	0.0	0.0
281	chr21	30060000	30090000	281	0.0	0.0
282	chr21	30060000	30090000	282	0.0	0.0
283	chr21	30060000	30090000	283	0.0	0.0
284	chr21	30060000	30090000	284	0.0	0.0
285	chr21	30060000	30090000	285	0.0	0.0
286	chr21	30060000	30090000	286	0.0	0.0
287	chr21	30060000	30090000	287	0.0	0.0
288	chr21	30060000	30090000	288	0.0	0.0
289	chr21	30060000	30090000	289	0.0	0.0
290	chr21	30090000	30120000	290	0.0	0.0
291	chr21	30090000	30120000	291	0.0	0.0
292	chr21	30090000	30120000	292	0.0	0.0
293	chr21	30090000	30120000	293	0.0	0.0
294	chr21	30090000	30120000	294	0.0	1.0
295	chr21	30090000	30120000	295	0.0	0.0
296	chr21	30090000	30120000	296	0.0	0.0
297	chr21	30090000	30120000	297	0.0	0.0
298	chr21	30090000	30120000	298	0.0	0.0
299	chr21	30090000	30120000	299	0.0	0.0
300	chr21	30120000	30150000	300	0.0	0.0
301	chr21	30120000	30150000	301	0.0	0.0
302	chr21	30120000	30150000	302	0.0	0.0
303	chr21	30120000	30150000	303	0.0	0.0
304	chr21	30120000	30150000	304	0.0	0.0
305	chr21	30120000	30150000	305	0.0	0.0
306	chr21	30120000	30150000	306	0.0	0.0
307	chr21	30120000	30150000	307	0.0	0.0
308	chr21	30120000	30150000	308	0.0	0.0
309	chr21	30120000	30150000	309	0.0	0.0
310	chr21	30150000	30180000	310	0.0	0.0
311	chr21	30150000	30180000	311	0.0	0.0
312	chr21	30150000	30180000	312	0.0	0.0
313	chr21	30150000	30180000	313	0.0	0.0
314	chr21	30150000	30180000	314	0.0	1.0
315	chr21	30150000	30180000	315	0.0	0.0
316	chr21	30150000	30180000	316	0.0	0.0
317	chr21	30150000	30180000	317	0.0	0.0
318	chr21	30150000	30180000	318	0.0	0.0
319	chr21	30150000	30180000	319	0.0	0.0
320	chr21	30180000	30210000	320	0.0	0.0
321	chr21	30180000	30210000	321	0.0	0.0
322	chr21	30180000	30210000	322	0.0	0.0
323	chr21	30180000	30210000	323	0.0	0.0
324	chr21	30180000	30210000	324	0.0	0.0
325	chr21	30180000	30210000	325	0.0	0.0
326	chr21	30180000	30210000	326	0.0	0.0
327	chr21	30180000	30210000	327	0.0	0.0
328	chr21	30180000	30210000	328	0.0	0.0
329	chr21	30180000	30210000	329	0.0	0.0
330	chr21	30210000	30240000	330	0.0	0.0
331	chr21	30210000	30240000	331	0.0	0.0
332	chr21	30210000	30240000	332	0.0	0.0
333	chr21	30210000	30240000	333	0.0	0.0
334	chr21	30210000	30240000	334	0.0	0.0
335	chr21	30210000	30240000	335	0.0	0.0
336	chr21	30210000	30240000	336	0.0	0.0
337	chr21	30210000	30240000	337	0.0	0.0
338	chr21	30210000	30240000	338	0.0	0.0
339	chr21	30210000	30240000	339	0.0	0.0
340	chr21	30240000	30270000	340	0.0	0.0
341	chr21	30240000	30270000	341	0.0	0.0
342	chr21	30240000	30270000	342	0.0	0.0
343	chr21	30240000	30270000	343	0.0	0.0
344	chr21	30240000	30270000	344	0.0	0.0
345	chr21	30240000	30270000	345	0.0	0.0
346	chr21	30240000	30270000	346	0.0	0.0
347	chr21	30240000	30270000	347	0.0	0.0
348	chr21	30240000	30270000	348	0.0	0.0
349	chr21	30240000	30270000	349	0.0	0.0
350	chr21	30270000	30300000	350	0.0	0.0
351	chr21	30270000	30300000	351	0.0	0.0
352	chr21	30270000	30300000	352	0.0	0.0
353	chr21	30270000	30300000	353	0.0	0.0
354	chr21	30270000	30300000	354	0.0	0.0
355	chr21	30270000	30300000	355	0.0	0.0
356	chr21	30270000	30300000	356	0.0	0.0
357	chr21	30270000	30300000	357	0.0	0.0
358	chr21	30270000	30300000	358	0.0	0.0
359	chr21	30270000	30300000	359	0.0	0.0
360	chr21	30300000	30330000	360	0.0	0.0
361	chr21	30300000	30330000	361	0.0	0.0
362	chr21	30300000	30330000	362	0.0	0.0
363	chr21	30300000	30330000	363	0.0	0.0
364	chr21	30300000	30330000	364	0.0	1.0
365	chr21	30300000	30330000	365	0.0	0.0
366	chr21	30300000	30330000	366	0.0	0.0
367	chr21	30300000	30330000	367	0.0	0.0
368	chr21	30300000	30330000	368	0.0	0.0
369	chr21	30300000	30330000	369	0.0	0.0
370	chr21	30330000	30360000	370	0.0	0.0
371	chr21	30330000	30360000	371	0.0	0.0
372	chr21	30330000	30360000	372	0.0	0.0
373	chr21	30330000	30360000	373	0.0	0.0
374	chr21	30330000	30360000	374	0.0	0.0
375	chr21	30330000	30360000	375	0.0	0.0
376	chr21	30330000	30360000	376	0.0	0.0
377	chr21	30330000	30360000	377	0.0	0.0
378	chr21	30330000	30360000	378	0.0	0.0
379	chr21	30330000	30360000	379	0.0	0.0
380	chr21	30360000	30390000	380	0.0	0.0
381	chr21	30360000	30390000	381	0.0	0.0
382	chr21	30360000	30390000	382	0.0	0.0
383	chr21	30360000	30390000	383	0.0	0.0
384	chr21	30360000	30390000	384	0.0	0.0
385	chr21	30360000	30390000	385	0.0	0.0
386	chr21	30360000	30390000	386	0.0	0.0
387	chr21	30360000	30390000	387	0.0	0.0
388	chr21	30360000	30390000	388	0.0	0.0
389	chr21	30360000	30390000	389	0.0	0.0
390	chr21	30390000	30420000	390	0.0	0.0
391	chr21	30390000	30420000	391	0.0	0.0
392	chr21	30390000	30420000	392	0.0	0.0
393	chr21	30390000	30420000	393	0.0	0.0
394	chr21	30390000	30420000	394	0.0	0.0
395	chr21	30390000	30420000	395	0.0	0.0
396	chr21	30390000	30420000	396	0.0	0.0
397	chr21	30390000	30420000	397	0.0	0.0
398	chr21	30390000	30420000	398	0.0	0.0
399	chr21	30390000	30420000	399	0.0	0.0
400	chr21	30420000	30450000	400	0.0	0.0
401	chr21	30420000	30450000	401	0.0	0.0
402	chr21	30420000	30450000	402	0.0	0.0
403	chr21	30420000	30450000	403	0.0	0.0
404	chr21	30420000	30450000	404	0.0	0.0
405	chr21	30420000	30450000	405	0.0	0.0
406	chr21	30420000	30450000	406	0.0	0.0
407	chr21	30420000	30450000	407	0.0	0.0
408	chr21	30420000	30450000	408	0.0	0.0
409	chr21	30420000	30450000	409	0.0	0.0
410	chr21	30450000	30480000	410	0.0	0.0
411	chr21	30450000	30480000	411	0.0	0.0
412	chr21	30450000	30480000	412	0.0	0.0
413	chr21	30450000	30480000	413	0.0	0.0
414	chr21	30450000	30480000	414	1.0	0.0
415	chr21	30450000	30480000	415	0.0	0.0
416	chr21	30450000	30480000	416	0.0	0.0
417	chr21	30450000	30480000	417	0.0	0.0
418	chr21	30450000	30480000	418	0.0	0.0
419	chr21	30450000	30480000	419	0.0	0.0
420	chr21	30480000	30510000	420	0.0	0.0
421	chr21	30480000	30510000	421	0.0	0.0
422	chr21	30480000	30510000	422	0.0	0.0
423	chr21	30480000	30510000	423	0.0	0.0
424	chr21	30480000	30510000	424	0.0	0.0
425	chr21	30480000	30510000	425	0.0	0.0
426	chr21	30480000	30510000	426	0.0	0.0
427	chr21	30480000	30510000	427	0.0	0.0
428	chr21	30480000	30510000	428	0.0	0.0
429	chr21	30480000	30510000	429	0.0	0.0
430	chr21	30510000	30540000	430	0.0	0.0
431	chr21	30510000	30540000	431	0.0	0.0
432	chr21	30510000	30540000	432	0.0	0.0
433	chr21	30510000	30540000	433	0.0	0.0
434	chr21	30510000	30540000	434	0.0	0.0
435	chr21	30510000	30540000	435	0.0	0.0
436	chr21	30510000	30540000	436	0.0	0.0
437	chr21	30510000	30540000	437	0.0	0.0
438	chr21	30510000	30540000	438	0.0	0.0
439	chr21	30510000	30540000	439	0.0	0.0
440	chr21	30540000	30570000	440	0.0	0.0
441	chr21	30540000	30570000	441	0.0	0.0
442	chr21	30540000	30570000	442	0.0	0.0
443	chr21	30540000	30570000	443	0.0	0.0
444	chr21	30540000	30570000	444	0.0	0.0
445	chr21	30540000	30570000	445	0.0	0.0
446	chr21	30540000	30570000	446	0.0	0.0
447	chr21	30540000	30570000	447	0.0	0.0
448	chr21	30540000	30570000	448	0.0	0.0
449	chr21	30540000	30570000	449	0.0	0.0
450	chr21	30570000	30600000	450	0.0	0.0
451	chr21	30570000	30600000	451	0.0	0.0
452	chr21	30570000	30600000	452	0.0	0.0
453	chr21	30570000	30600000	453	0.0	0.0
454	chr21	30570000	30600000	454	0.0	0.0
455	chr21	30570000	30600000	455	0.0	0.0
456	chr21	30570000	30600000	456	0.0	0.0
457	chr21	30570000	30600000	457	0.0	0.0
458	chr21	30570000	30600000	458	0.0	0.0
459	chr21	30570000	30600000	459	0.0	0.0
460	chr21	30600000	30630000	460	0.0	0.0
461	chr21	30600000	30630000	461	0.0	0.0
462	chr21	30600000	30630000	462	0.0	0.0
463	chr21	30600000	30630000	463	0.0	0.0
464	chr21	30600000	30630000	464	0.0	0.0
465	chr21	30600000	30630000	465	0.0	0.0
466	chr21	30600000	30630000	466	0.0	0.0
467	chr21	30600000	30630000	467	0.0	0.0
468	chr21	30600000	30630000	468	0.0	0.0
469	chr21	30600000	30630000	469	0.0	0.0
470	chr21	30630000	30660000	470	0.0	0.0
471	chr21	30630000	30660000	471	0.0	0.0
472	chr21	30630000	30660000	472	0.0	0.0
473	chr21	30630000	30660000	473	0.0	0.0
474	chr21	30630000	30660000	474	0.0	0.0
475	chr21	30630000	30660000	475	0.0	0.0
476	chr21	30630000	30660000	476	0.0	0.0
477	chr21	30630000	30660000	477	0.0	0.0
478	chr21	30630000	30660000	478	0.0	0.0
479	chr21	30630000	30660000	479	0.0	0.0
480	chr21	30660000	30690000	480	0.0	0.0
481	chr21	30660000	30690000	481	0.0	0.0
482	chr21	30660000	30690000	482	0.0	0.0
483	chr21	30660000	30690000	483	0.0	0.0
484	chr21	30660000	30690000	484	1.0	0.0
485	chr21	30660000	30690000	485	0.0	0.0
486	chr21	30660000	30690000	486	0.0	0.0
487	chr21	30660000	30690000	487	0.0	0.0
488	chr21	30660000	30690000	488	0.0	0.0
489	chr21	30660000	30690000	489	0.0	0.0
490	chr21	30690000	30720000	490	0.0	0.0
491	chr21	30690000	30720000	491	0.0	0.0
492	chr21	30690000	30720000	492	0.0	0.0
493	chr21	30690000	30720000	493	0.0	0.0
494	chr21	30690000	30720000	494	0.0	1.0
495	chr21	30690000	30720000	495	0.0	0.0
496	chr21	30690000	30720000	496	0.0	0.0
497	chr21	30690000	30720000	497	0.0	0.0
498	chr21	30690000	30720000	498	0.0	0.0
499	chr21	30690000	30720000	499	0.0	0.0
500	chr21	30720000	30750000	500	0.0	0.0
501	chr21	30720000	30750000	501	0.0	0.0
502	chr21	30720000	30750000	502	0.0	0.0
503	chr21	30720000	30750000	503	0.0	0.0
504	chr21	30720000	30750000	504	0.0	1.0
505	chr21	30720000	30750000	505	0.0	0.0
506	chr21	30720000	30750000	506	0.0	0.0
507	chr21	30720000	30750000	507	0.0	0.0
508	chr21	30720000	30750000	508	0.0	0.0
509	chr21	30720000	30750000	509	0.0	0.0
510	chr21	30750000	30780000	510	0.0	0.0
511	chr21	30750000	30780000	511	0.0	0.0
512	chr21	30750000	30780000	512	0.0	0.0
513	chr21	30750000	30780000	513	0.0	0.0
514	chr21	30750000	30780000	514	0.0	0.0
515	chr21	30750000	30780000	515	0.0	0.0
516	chr21	30750000	30780000	516	0.0	0.0
517	chr21	30750000	30780000	517	0.0	0.0
518	chr21	30750000	30780000	518	0.0	0.0
519	chr21	30750000	30780000	519	0.0	0.0
520	chr21	30780000	30810000	520	0.0	0.0
521	chr21	30780000	30810000	521	0.0	0.0
522	chr21	30780000	30810000	522	0.0	0.0
523	chr21	30780000	30810000	523	0.0	0.0
524	chr21	30780000	30810000	524	0.0	0.0
525	chr21	30780000	30810000	525	0.0	0.0
526	chr21	30780000	30810000	526	0.0	0.0
527	chr21	30780000	30810000	527	0.0	0.0
528	chr21	30780000	30810000	528	0.0	0.0
529	chr21	30780000	30810000	529	0.0	0.0
530	chr21	30810000	30840000	530	0.0	0.0
531	chr21	30810000	30840000	531	0.0	0.0
532	chr21	30810000	30840000	532	0.0	0.0
533	chr21	30810000	30840000	533	0.0	0.0
534	chr21	30810000	30840000	534	0.0	0.0
535	chr21	30810000	30840000	535	0.0	0.0
536	chr21	30810000	30840000	536	0.0	0.0
537	chr21	30810000	30840000	537	0.0	0.0
538	chr21	30810000	30840000	538	0.0	0.0
539	chr21	30810000	30840000	539	0.0	0.0
540	chr21	30840000	30870000	540	0.0	0.0
541	chr21	30840000	30870000	541	0.0	0.0
542	chr21	30840000	30870000	542	0.0	0.0
543	chr21	30840000	30870000	543	0.0	0.0
544	chr21	30840000	30870000	544	1.0	0.0
545	chr21	30840000	30870000	545	0.0	0.0
546	chr21	30840000	30870000	546	0.0	0.0
547	chr21	30840000	30870000	547	0.0	0.0
548	chr21	30840000	30870000	548	0.0	0.0
549	chr21	30840000	30870000	549	0.0	0.0
550	chr21	30870000	30900000	550	0.0	0.0
551	chr21	30870000	30900000	551	0.0	0.0
552	chr21	30870000	30900000	552	0.0	0.0
553	chr21	30870000	30900000	553	0.0	0.0
554	chr21	30870000	30900000	554	0.0	1.0
555	chr21	30870000	30900000	555	0.0	0.0
556	chr21	30870000	30900000	556	0.0	0.0
557	chr21	30870000	30900000	557	0.0	0.0
558	chr21	30870000	30900000	558	0.0	0.0
559	chr21	30870000	30900000	559	0.0	0.0
560	chr21	30900000	30930000	560	0.0	0.0
561	chr21	30900000	30930000	561	0.0	0.0
562	chr21	30900000	30930000	562	0.0	0.0
563	chr21	30900000	30930000	563	0.0	0.0
564	chr21	30900000	30930000	564	0.0	0.0
565	chr21	30900000	30930000	565	0.0	0.0
566	chr21	30900000	30930000	566	0.0	0.0
567	chr21	30900000	30930000	567	0.0	0.0
568	chr21	30900000	30930000	568	0.0	0.0
569	chr21	30900000	30930000	569	0.0	0.0
570	chr21	30930000	30960000	570	0.0	0.0
571	chr21	30930000	30960000	571	0.0	0.0
572	chr21	30930000	30960000	572	0.0	0.0
573	chr21	30930000	30960000	573	0.0	0.0
574	chr21	30930000	30960000	574	0.0	0.0
575	chr21	30930000	30960000	575	0.0	0.0
576	chr21	30930000	30960000	576	0.0	0.0
577	chr21	30930000	30960000	577	0.0	0.0
578	chr21	30930000	30960000	578	0.0	0.0
579	chr21	30930000	30960000	579	0.0	0.0
580	chr21	30960000	30990000	580	0.0	0.0
581	chr21	30960000	30990000	581	0.0	0.0
582	chr21	30960000	30990000	582	0.0	0.0
583	chr21	30960000	30990000	583	0.0	0.0
584	chr21	30960000	30990000	584	0.0	0.0
585	chr21	30960000	30990000	585	0.0	0.0
586	chr21	30960000	30990000	586	0.0	0.0
587	chr21	30960000	30990000	587	0.0	0.0
588	chr21	30960000	30990000	588	0.0	0.0
589	chr21	30960000	30990000	589	0.0	0.0
590	chr21	30990000	31020000	590	0.0	0.0
591	chr21	30990000	31020000	591	0.0	0.0
592	chr21	30990000	31020000	592	0.0	0.0
593	chr21	30990000	31020000	593	0.0	0.0
594	chr21	30990000	31020000	594	0.0	0.0
595	chr21	30990000	31020000	595	0.0	0.0
596	chr21	30990000	31020000	596	0.0	0.0
597	chr21	30990000	31020000	597	0.0	0.0
598	chr21	30990000	31020000	598	0.0	0.0
599	chr21	30990000	31020000	599	0.0	0.0
600	chr21	31020000	31050000	600	0.0	0.0
601	chr21	31020000	31050000	601	0.0	0.0
602	chr21	31020000	31050000	602	0.0	0.0
603	chr21	31020000	31050000	603	0.0	0.0
604	chr21	31020000	31050000	604	0.0	0.0
605	chr21	31020000	31050000	605	0.0	0.0
606	chr21	31020000	31050000	606	0.0	0.0
607	chr21	31020000	31050000	607	0.0	0.0
608	chr21	31020000	31050000	608	0.0	0.0
609	chr21	31020000	31050000	609	0.0	0.0
610	chr21	31050000	31080000	610	0.0	0.0
611	chr21	31050000	31080000	611	0.0	0.0
612	chr21	31050000	31080000	612	0.0	0.0
613	chr21	31050000	31080000	613	0.0	0.0
614	chr21	31050000	31080000	614	0.0	0.0
615	chr21	31050000	31080000	615	0.0	0.0
616	chr21	31050000	31080000	616	0.0	0.0
617	chr21	31050000	31080000	617	0.0	0.0
618	chr21	31050000	31080000	618	0.0	0.0
619	chr21	31050000	31080000	619	0.0	0.0
620	chr21	31080000	31110000	620	0.0	0.0
621	chr21	31080000	31110000	621	0.0	0.0
622	chr21	31080000	31110000	622	0.0	0.0
623	chr21	31080000	31110000	623	0.0	0.0
624	chr21	31080000	31110000	624	0.0	0.0
625	chr21	31080000	31110000	625	0.0	0.0
626	chr21	31080000	31110000	626	0.0	0.0
627	chr21	31080000	31110000	627	0.0	0.0
628	chr21	31080000	31110000	628	0.0	0.0
629	chr21	31080000	31110000	629	0.0	0.0
630	chr21	31110000	31140000	630	0.0	0.0
631	chr21	31110000	31140000	631	0.0	0.0
632	chr21	31110000	31140000	632	0.0	0.0
633	chr21	31110000	31140000	633	0.0	0.0
634	chr21	31110000	31140000	634	0.0	0.0
635	chr21	31110000	31140000	635	0.0	0.0
636	chr21	31110000	31140000	636	0.0	0.0
637	chr21	31110000	31140000	637	0.0	0.0
638	chr21	31110000	31140000	638	0.0	0.0
639	chr21	31110000	31140000	639	0.0	0.0
640	chr21	31140000	31170000	640	0.0	0.0
641	chr21	31140000	31170000	641	0.0	0.0
642	chr21	31140000	31170000	642	0.0	0.0
643	chr21	31140000	31170000	643	0.0	0.0
644	chr21	31140000	31170000	644	0.0	0.0
645	chr21	31140000	31170000	645	0.0	0.0
646	chr21	31140000	31170000	646	0.0	0.0
647	chr21	31140000	31170000	647	0.0	0.0
648	chr21	31140000	31170000	648	0.0	0.0
649	chr21	31140000	31170000	649	0.0	0.0
650	chr21	31170000	31200000	650	0.0	0.0
651	chr21	31170000	31200000	651	0.0	0.0
652	chr21	31170000	31200000	652	0.0	0.0
653	chr21	31170000	31200000	653	0.0	0.0
654	chr21	31170000	31200000	654	0.0	0.0
655	chr21	31170000	31200000	655	0.0	0.0
656	chr21	31170000	31200000	656	0.0	0.0
657	chr21	31170000	31200000	657	0.0	0.0
658	chr21	31170000	31200000	658	0.0	0.0
659	chr21	31170000	31200000	659	0.0	0.0
660	chr21	31200000	31230000	660	0.0	0.0
661	chr21	31200000	31230000	661	0.0	0.0
662	chr21	31200000	31230000	662	0.0	0.0
663	chr21	31200000	31230000	663	0.0	0.0
664	chr21	31200000	31230000	664	0.0	1.0
665	chr21	31200000	31230000	665	0.0	0.0
666	chr21	31200000	31230000	666	0.0	0.0
667	chr21	31200000	31230000	667	0.0	0.0
668	chr21	31200000	31230000	668	0.0	0.0
669	chr21	31200000	31230000	669	0.0	0.0
670	chr21	31230000	31260000	670	0.0	0.0
671	chr21	31230000	31260000	671	0.0	0.0
672	chr21	31230000	31260000	672	0.0	0.0
673	chr21	31230000	31260000	673	0.0	0.0
674	chr21	31230000	31260000	674	0.0	0.0
675	chr21	31230000	31260000	675	0.0	0.0
676	chr21	31230000	31260000	676	0.0	0.0
677	chr21	31230000	31260000	677	0.0	0.0
678	chr21	31230000	31260000	678	0.0	0.0
679	chr21	31230000	31260000	679	0.0	0.0
680	chr21	31260000	31290000	680	0.0	0.0
681	chr21	31260000	31290000	681	0.0	0.0
682	chr21	31260000	31290000	682	0.0	0.0
683	chr21	31260000	31290000	683	0.0	0.0
684	chr21	31260000	31290000	684	0.0	0.0
685	chr21	31260000	31290000	685	0.0	0.0
686	chr21	31260000	31290000	686	0.0	0.0
687	chr21	31260000	31290000	687	0.0	0.0
688	chr21	31260000	31290000	688	0.0	0.0
689	chr21	31260000	31290000	689	0.0	0.0
690	chr21	31290000	31320000	690	0.0	0.0
691	chr21	31290000	31320000	691	0.0	0.0
692	chr21	31290000	31320000	692	0.0	0.0
693	chr21	31290000	31320000	693	0.0	0.0
694	chr21	31290000	31320000	694	0.0	0.0
695	chr21	31290000	31320000	695	0.0	0.0
696	chr21	31290000	31320000	696	0.0	0.0
697	chr21	31290000	31320000	697	0.0	0.0
698	chr21	31290000	31320000	698	0.0	0.0
699	chr21	31290000	31320000	699	0.0	0.0
700	chr21	31320000	31350000	700	0.0	0.0
701	chr21	31320000	31350000	701	0.0	0.0
702	chr21	31320000	31350000	702	0.0	0.0
703	chr21	31320000	31350000	703	0.0	0.0
704	chr21	31320000	31350000	704	0.0	0.0
705	chr21	31320000	31350000	705	0.0	0.0
706	chr21	31320000	31350000	706	0.0	0.0
707	chr21	31320000	31350000	707	0.0	0.0
708	chr21	31320000	31350000	708	0.0	0.0
709	chr21	31320000	31350000	709	0.0	0.0
710	chr21	31350000	31380000	710	0.0	0.0
711	chr21	31350000	31380000	711	0.0	0.0
712	chr21	31350000	31380000	712	0.0	0.0
713	chr21	31350000	31380000	713	0.0	0.0
714	chr21	31350000	31380000	714	0.0	0.0
715	chr21	31350000	31380000	715	0.0	0.0
716	chr21	31350000	31380000	716	0.0	0.0
717	chr21	31350000	31380000	717	0.0	0.0
718	chr21	31350000	31380000	718	0.0	0.0
719	chr21	31350000	31380000	719	0.0	0.0
720	chr21	31380000	31410000	720	0.0	0.0
721	chr21	31380000	31410000	721	0.0	0.0
722	chr21	31380000	31410000	722	0.0	0.0
723	chr21	31380000	31410000	723	0.0	0.0
724	chr21	31380000	31410000	724	0.0	0.0
725	chr21	31380000	31410000	725	0.0	0.0
726	chr21	31380000	31410000	726	0.0	0.0
727	chr21	31380000	31410000	727	0.0	0.0
728	chr21	31380000	31410000	728	0.0	0.0
729	chr21	31380000	31410000	729	0.0	0.0
730	chr21	31410000	31440000	730	0.0	0.0
731	chr21	31410000	31440000	731	0.0	0.0
732	chr21	31410000	31440000	732	0.0	0.0
733	chr21	31410000	31440000	733	0.0	0.0
734	chr21	31410000	31440000	734	0.0	0.0
735	chr21	31410000	31440000	735	0.0	0.0
736	chr21	31410000	31440000	736	0.0	0.0
737	chr21	31410000	31440000	737	0.0	0.0
738	chr21	31410000	31440000	738	0.0	0.0
739	chr21	31410000	31440000	739	0.0	0.0
740	chr21	31440000	31470000	740	0.0	0.0
741	chr21	31440000	31470000	741	0.0	0.0
742	chr21	31440000	31470000	742	0.0	0.0
743	chr21	31440000	31470000	743	0.0	0.0
744	chr21	31440000	31470000	744	0.0	0.0
745	chr21	31440000	31470000	745	0.0	0.0
746	chr21	31440000	31470000	746	0.0	0.0
747	chr21	31440000	31470000	747	0.0	0.0
748	chr21	31440000	31470000	748	0.0	0.0
749	chr21	31440000	31470000	749	0.0	0.0